-- Seed de ejemplo para MVP Pastvra
-- Ajusta los user_id a usuarios reales de auth.users en tu proyecto.

insert into public.farms (id, name, hectares, low_gain_threshold_adg, overdue_days)
values ('11111111-1111-1111-1111-111111111111', 'Finca Demo Pastvra', 145.5, 0.30, 45)
on conflict (id) do nothing;

insert into public.farm_memberships (id, farm_id, user_id, role)
values
  ('22222222-1111-1111-1111-111111111111', '11111111-1111-1111-1111-111111111111', 'aaaaaaaa-aaaa-aaaa-aaaa-aaaaaaaaaaaa', 'admin'),
  ('22222222-2222-2222-2222-222222222222', '11111111-1111-1111-1111-111111111111', 'bbbbbbbb-bbbb-bbbb-bbbb-bbbbbbbbbbbb', 'supervisor'),
  ('22222222-3333-3333-3333-333333333333', '11111111-1111-1111-1111-111111111111', 'cccccccc-cccc-cccc-cccc-cccccccccccc', 'operador')
on conflict (farm_id, user_id) do nothing;

insert into public.paddocks (id, farm_id, code, hectares, active, notes)
values
  ('33333333-1111-1111-1111-111111111111', '11111111-1111-1111-1111-111111111111', 'P-01', 35.2, true, 'Potrero norte'),
  ('33333333-2222-2222-2222-222222222222', '11111111-1111-1111-1111-111111111111', 'P-02', 28.0, true, 'Zona media'),
  ('33333333-3333-3333-3333-333333333333', '11111111-1111-1111-1111-111111111111', 'P-03', 41.7, true, 'Suelo alto')
on conflict (farm_id, code) do nothing;

insert into public.paddock_soil_tests (id, farm_id, paddock_id, tested_at, ph, grass_percent, sugar_percent, notes)
values
  ('44444444-1111-1111-1111-111111111111', '11111111-1111-1111-1111-111111111111', '33333333-1111-1111-1111-111111111111', '2025-10-10', 6.3, 71, 10, 'Balanceado'),
  ('44444444-2222-2222-2222-222222222222', '11111111-1111-1111-1111-111111111111', '33333333-2222-2222-2222-222222222222', '2025-11-01', 5.9, 62, 9, 'Aplicar corrección')
on conflict (id) do nothing;

insert into public.animals (
  id, farm_id, chip_id, ear_tag, name, sex, breed, birth_date, cost, status, notes,
  current_paddock_id, sire_id, dam_id, sire_external, dam_external
)
values
  ('55555555-1111-1111-1111-111111111111', '11111111-1111-1111-1111-111111111111', '100000000000001', 'A-001', 'Luna', 'H', 'Brahman', '2022-03-11', 980, 'vivo', null, '33333333-1111-1111-1111-111111111111', null, null, 'TORO-EXT-19', null),
  ('55555555-2222-2222-2222-222222222222', '11111111-1111-1111-1111-111111111111', '100000000000002', 'A-002', 'Canela', 'H', 'Brahman', '2022-04-03', 990, 'vivo', null, '33333333-1111-1111-1111-111111111111', null, null, null, 'VACA-EXT-4'),
  ('55555555-3333-3333-3333-333333333333', '11111111-1111-1111-1111-111111111111', '100000000000003', 'A-003', 'Relámpago', 'M', 'Brahman', '2021-12-22', 1200, 'vivo', 'Reproductor', '33333333-2222-2222-2222-222222222222', null, null, null, null),
  ('55555555-4444-4444-4444-444444444444', '11111111-1111-1111-1111-111111111111', '100000000000004', 'A-004', 'Nube', 'H', 'Cruce', '2023-01-02', 860, 'vivo', null, '33333333-2222-2222-2222-222222222222', '55555555-3333-3333-3333-333333333333', '55555555-1111-1111-1111-111111111111', null, null),
  ('55555555-5555-5555-5555-555555555555', '11111111-1111-1111-1111-111111111111', '100000000000005', 'A-005', 'Miel', 'H', 'Cruce', '2023-02-17', 870, 'vivo', null, '33333333-2222-2222-2222-222222222222', '55555555-3333-3333-3333-333333333333', '55555555-2222-2222-2222-222222222222', null, null),
  ('55555555-6666-6666-6666-666666666666', '11111111-1111-1111-1111-111111111111', '100000000000006', 'A-006', 'Trueno', 'M', 'Cruce', '2024-02-10', 700, 'vivo', null, '33333333-3333-3333-3333-333333333333', '55555555-3333-3333-3333-333333333333', '55555555-1111-1111-1111-111111111111', null, null),
  ('55555555-7777-7777-7777-777777777777', '11111111-1111-1111-1111-111111111111', null, 'A-007', 'Bayo', 'M', 'Angus', '2021-11-05', 1250, 'vivo', null, '33333333-3333-3333-3333-333333333333', null, null, null, null)
on conflict do nothing;

insert into public.animal_weights (id, farm_id, animal_id, weighed_at, weight_kg, client_generated_id, created_by)
values
  ('66666666-1111-1111-1111-111111111111', '11111111-1111-1111-1111-111111111111', '55555555-1111-1111-1111-111111111111', '2025-11-01', 420, '77777777-1111-1111-1111-111111111111', 'bbbbbbbb-bbbb-bbbb-bbbb-bbbbbbbbbbbb'),
  ('66666666-1112-1112-1112-111111111112', '11111111-1111-1111-1111-111111111111', '55555555-1111-1111-1111-111111111111', '2025-12-01', 432, '77777777-1112-1112-1112-111111111112', 'bbbbbbbb-bbbb-bbbb-bbbb-bbbbbbbbbbbb'),
  ('66666666-2221-2221-2221-222222222221', '11111111-1111-1111-1111-111111111111', '55555555-2222-2222-2222-222222222222', '2025-10-20', 410, '77777777-2221-2221-2221-222222222221', 'bbbbbbbb-bbbb-bbbb-bbbb-bbbbbbbbbbbb'),
  ('66666666-2222-2222-2222-222222222222', '11111111-1111-1111-1111-111111111111', '55555555-2222-2222-2222-222222222222', '2025-12-01', 416, '77777777-2222-2222-2222-222222222222', 'bbbbbbbb-bbbb-bbbb-bbbb-bbbbbbbbbbbb'),
  ('66666666-3333-3333-3333-333333333333', '11111111-1111-1111-1111-111111111111', '55555555-3333-3333-3333-333333333333', '2025-12-02', 650, '77777777-3333-3333-3333-333333333333', 'bbbbbbbb-bbbb-bbbb-bbbb-bbbbbbbbbbbb'),
  ('66666666-4444-4444-4444-444444444444', '11111111-1111-1111-1111-111111111111', '55555555-4444-4444-4444-444444444444', '2025-12-02', 310, '77777777-4444-4444-4444-444444444444', 'bbbbbbbb-bbbb-bbbb-bbbb-bbbbbbbbbbbb'),
  ('66666666-5555-5555-5555-555555555555', '11111111-1111-1111-1111-111111111111', '55555555-5555-5555-5555-555555555555', '2025-12-02', 305, '77777777-5555-5555-5555-555555555555', 'bbbbbbbb-bbbb-bbbb-bbbb-bbbbbbbbbbbb')
on conflict (client_generated_id) do nothing;

insert into public.animal_events (id, farm_id, animal_id, event_type, event_at, payload, notes, created_by)
values
  ('88888888-1111-1111-1111-111111111111', '11111111-1111-1111-1111-111111111111', '55555555-1111-1111-1111-111111111111', 'vacuna', '2025-11-15', '{"producto":"Clostridial"}', 'Refuerzo anual', 'bbbbbbbb-bbbb-bbbb-bbbb-bbbbbbbbbbbb'),
  ('88888888-2222-2222-2222-222222222222', '11111111-1111-1111-1111-111111111111', '55555555-4444-4444-4444-444444444444', 'desparasitacion', '2025-11-20', '{"producto":"Ivermectina"}', null, 'bbbbbbbb-bbbb-bbbb-bbbb-bbbbbbbbbbbb'),
  ('88888888-3333-3333-3333-333333333333', '11111111-1111-1111-1111-111111111111', '55555555-5555-5555-5555-555555555555', 'traslado_potrero', '2025-12-01', '{"from":"P-01","to":"P-02"}', 'Rotación', 'bbbbbbbb-bbbb-bbbb-bbbb-bbbbbbbbbbbb')
on conflict (id) do nothing;
